symbol,yahoo_symbol,name,reason,avg_dollar_volume_30d_usd,valid_days
BANF,BANF,BancFirst Corporation - Common Stock,avg_dollar_volume_30d_below_15m_usd,14920125.12,42
BATRA,BATRA,"Atlanta Braves Holdings, Inc. - Series A Common Stock",avg_dollar_volume_30d_below_15m_usd,3908358.68,42
CRVL,CRVL,CorVel Corp. - Common Stock,avg_dollar_volume_30d_below_15m_usd,14123870.63,42
ENLT,ENLT,Enlight Renewable Energy Ltd. - Ordinary Shares,avg_dollar_volume_30d_below_15m_usd,13868966.03,42
GEF.B,GEF-B,"Greif, Inc. Corporation Class B Common Stock",avg_dollar_volume_30d_below_15m_usd,9692704.57,42
PINC,PINC,PGIM Securitized Income ETF,avg_dollar_volume_30d_below_15m_usd,108033.4,42
PSO,PSO,"Pearson, Plc Common Stock",avg_dollar_volume_30d_below_15m_usd,9867170.54,42
RUSHB,RUSHB,"Rush Enterprises, Inc. - Class B Common Stock",avg_dollar_volume_30d_below_15m_usd,9946606.01,42
TFSL,TFSL,TFS Financial Corporation - Common Stock,avg_dollar_volume_30d_below_15m_usd,12874064.63,42
